Student_ID,Name,Department,Python,Maths,Statistics,Attendance
101,Ravi,Data Science,85,90,88,95
102,Priya,Data Science,78,82,80,90
103,Kumar,CSE,45,55,50,75
104,Sita,CSE,92,95,90,98
105,Arun,Data Science,30,40,35,60
106,Divya,CSE,88,91,85,96
107,Rahul,Data Science,65,70,68,85
108,Anu,CSE,72,75,78,88
109,Manoj,Data Science,55,60,58,70
110,Keerthi,CSE,95,93,97,99
111,Vijay,Data Science,40,45,42,65
112,Swathi,CSE,82,86,84,92
113,Harish,Data Science,68,72,70,80
114,Lakshmi,CSE,90,88,92,95
115,Teja,Data Science,35,38,40,55
116,Naveen,CSE,76,80,74,87
117,Pooja,Data Science,87,85,89,94
118,Ajay,CSE,50,48,55,72
119,Meena,Data Science,93,96,94,98
120,Kiran,CSE,62,65,60,78
